scenario,spx_ret,idx,expiry,strike,type,qty,tenor,fwd,fwd_shocked,vol,vol_source,vol_shocked,base_price,price_vol_fixed,price_vol_shocked,pnl_vol_fixed,pnl_vol_shocked
-40%,-0.4,0,2026-10-21,20,C,100,33,17.84074655844156,91.81020121297084,0.9582562711862846,from premium,1.9033882041076489,1.2499999939728312,71.55097320357913,71.57921519055132,7030.09732096063,7032.921519657849
-40%,-0.4,1,2026-10-21,30,C,-200,33,17.84074655844156,91.81020121297084,1.020199490354396,from premium,1.9653314232757602,0.12999999952276503,61.587585893474895,61.92357050589041,-12291.517178790426,-12358.714101273528
-40%,-0.4,2,2026-12-16,100,C,-50,89,19.131337761904764,70.00102137234417,1.2929690937260165,from premium,1.9667848497773297,0.03999999868452922,9.286372637466862,18.429936322978246,-462.31863193911664,-919.4968162146859
-40%,-0.4,3,2026-11-18,16,P,-100,61,18.696715095238087,80.03840365296078,0.7323679843237623,from premium,1.5303935402739761,0.9799999931406893,6.967126755594027e-08,0.034017316615666975,97.99999234694218,94.59826765250223
-35%,-0.35,0,2026-10-21,20,C,100,33,17.84074655844156,81.0485703952926,0.9582562711862846,from premium,1.8927466927671313,1.2499999939728312,60.828192046894976,60.87843478120808,5957.819205292215,5962.843478723525
-35%,-0.35,1,2026-10-21,30,C,-200,33,17.84074655844156,81.0485703952926,1.020199490354396,from premium,1.9546899119352426,0.12999999952276503,50.86667162446202,51.38695052776184,-10147.33432498785,-10251.390105647815
-35%,-0.35,2,2026-12-16,100,C,-50,89,19.131337761904764,62.6001184268724,1.2929690937260165,from premium,1.9591981650408656,0.03999999868452922,6.555226424278628,14.49197870402051,-325.7613212797049,-722.5989352667991
-35%,-0.35,3,2026-11-18,16,P,-100,61,18.696715095238087,71.11395491835344,0.7323679843237623,from premium,1.521408341797592,0.9799999931406893,5.833931414452176e-07,0.054749816173622845,97.99994097475478,92.52501769670664
-30%,-0.3,0,2026-10-21,20,C,100,33,17.84074655844156,70.75917436307856,0.9582562711862846,from premium,1.8749748541352171,1.2499999939728312,50.57595140720681,50.664809960253585,4932.595141323398,4941.480996628075
-30%,-0.3,1,2026-10-21,30,C,-200,33,17.84074655844156,70.75917436307856,1.020199490354396,from premium,1.9369180733033287,0.12999999952276503,40.62274607475181,41.419457653497304,-8098.5492150458085,-8257.891530794908
-30%,-0.3,2,2026-12-16,100,C,-50,89,19.131337761904764,55.52397702302079,1.2929690937260165,from premium,1.9465280345891611,0.03999999868452922,4.407263447144804,11.02298838175442,-218.36317242301374,-549.1494191534946
-30%,-0.3,3,2026-11-18,16,P,-100,61,18.696715095238087,62.581122956795994,0.7323679843237623,from premium,1.5064026257589291,0.9799999931406893,4.923012018769727e-06,0.0873091841752909,97.99950701286704,89.26908089653985
-25%,-0.25,0,2026-10-21,20,C,100,33,17.84074655844156,60.92129082094605,0.9582562711862846,from premium,1.845295024057299,1.2499999939728312,40.77369632344391,40.92937766583813,3952.3696329471077,3967.9377671865304
-25%,-0.25,1,2026-10-21,30,C,-200,33,17.84074655844156,60.92129082094605,1.020199490354396,from premium,1.9072382432254105,0.12999999952276503,30.855785651874264,32.04888276325625,-6145.157130470299,-6383.776552746697
-25%,-0.25,2,2026-12-16,100,C,-50,89,19.131337761904764,48.75834618902374,1.2929690937260165,from premium,1.9253683039242457,0.03999999868452922,2.787434538235895,8.003592208590979,-137.3717269775683,-398.17961049532244
-25%,-0.25,3,2026-11-18,16,P,-100,61,18.696715095238087,54.422723099353135,0.7323679843237623,from premium,1.4813423541995623,0.9799999931406893,4.171038093089269e-05,0.13720284447372832,97.99582827597584,84.2797148666961
-20%,-0.2,0,2026-10-21,20,C,100,33,17.84074655844156,51.51510679561063,0.9582562711862846,from premium,1.7957282723160246,1.2499999939728312,31.40257637680111,31.671506262864412,3015.257638282828,3042.150626889158
-20%,-0.2,1,2026-10-21,30,C,-200,33,17.84074655844156,51.51510679561063,1.020199490354396,from premium,1.857671491484136,0.12999999952276503,21.624144368517232,23.327504858409082,-4298.828873798893,-4639.500971777263
-20%,-0.2,2,2026-12-16,100,C,-50,89,19.131337761904764,42.2896003048592,1.2929690937260165,from premium,1.8900305302905478,0.03999999868452922,1.6299375825643925,5.419754740733895,-79.49687919399317,-268.98773710246826
-20%,-0.2,3,2026-11-18,16,P,-100,61,18.696715095238087,46.62232476339729,0.7323679843237623,from premium,1.4394904886164026,0.9799999931406893,0.0003521355039246307,0.211020545742151,97.96478576367646,76.89794473985383
-15%,-0.15,0,2026-10-21,20,C,100,33,17.84074655844156,42.52167873361337,0.9582562711862846,from premium,1.7129493995350424,1.2499999939728312,22.451854948610578,22.90458632822124,2120.1854954637747,2165.4586334248406
-15%,-0.15,1,2026-10-21,30,C,-200,33,17.84074655844156,42.52167873361337,1.020199490354396,from premium,1.774892618703154,0.12999999952276503,13.166837231998098,15.352678259486012,-2607.367446495067,-3044.5356519926495
-15%,-0.15,2,2026-12-16,100,C,-50,89,19.131337761904764,36.104711660975774,1.2929690937260165,from premium,1.831014739155879,0.03999999868452922,0.8593090692116994,3.2731599915716143,-40.96545352635851,-161.65799964435425
-15%,-0.15,3,2026-11-18,16,P,-100,61,18.696715095238087,39.16421836229054,0.7323679843237623,from premium,1.3695958488619426,0.9799999931406893,0.002919564430709814,0.3152582719603475,97.70804287099794,66.47417211803418
-10%,-0.1,0,2026-10-21,20,C,100,33,17.84074655844156,33.92289435001362,0.9582562711862846,from premium,1.5747046782618497,1.2499999939728312,13.969874496508986,14.674810931333814,1271.9874502536154,1342.4810937360983
-10%,-0.1,1,2026-10-21,30,C,-200,33,17.84074655844156,33.92289435001362,1.020199490354396,from premium,1.636647897429961,0.12999999952276503,6.140961787032882,8.331894286538896,-1202.1923575020235,-1640.3788574032262
-10%,-0.1,2,2026-12-16,100,C,-50,89,19.131337761904764,30.191224221179944,1.2929690937260165,from premium,1.7324555135704394,0.03999999868452922,0.3931124438902882,1.6003558063222125,-17.655622260287952,-78.01779038188417
-10%,-0.1,3,2026-11-18,16,P,-100,61,18.696715095238087,32.03338366711428,0.7323679843237623,from premium,1.2528684199090145,0.9799999931406893,0.023128437598182974,0.4550615259010715,95.68715555425064,52.49384672396178
-5%,-0.05,0,2026-10-21,20,C,100,33,17.84074655844156,25.701436151212118,0.9582562711862846,from premium,1.343829307314621,1.2499999939728312,6.366359658315756,7.152858617742817,511.63596643429247,590.2858623769986
-5%,-0.05,1,2026-10-21,30,C,-200,33,17.84074655844156,25.701436151212118,1.020199490354396,from premium,1.4057725264827323,0.12999999952276503,1.6579183199506171,2.8055537282449317,-305.58366408557043,-535.1107457444333
-5%,-0.05,2,2026-12-16,100,C,-50,89,19.131337761904764,24.537228536842733,1.2929690937260165,from premium,1.5678568398724915,0.03999999868452922,0.1466673333665445,0.49329617479553817,-5.333366734100764,-22.664808805550447
-5%,-0.05,3,2026-11-18,16,P,-100,61,18.696715095238087,25.21545955672829,0.7323679843237623,from premium,1.0579279678539433,0.9799999931406893,0.16615887230088333,0.6411009937287477,81.3841120839806,33.88989994119416
+5%,0.05,0,2026-10-21,20,C,100,33,17.84074655844156,15.135296286416985,0.9582562711862846,from premium,0.8549451969721482,1.2499999939728312,0.439873109132014,0.3138060886244693,-81.01268848408172,-93.61939053483619
+5%,0.05,1,2026-10-21,30,C,-200,33,17.84074655844156,15.135296286416985,1.020199490354396,from premium,0.9168884161402596,0.12999999952276503,0.028911016908544942,0.012319139893485551,20.21779652284402,23.536171925855896
+5%,0.05,2,2026-12-16,100,C,-50,89,19.131337761904764,17.37657594884246,1.2929690937260165,from premium,1.2385658179035324,0.03999999868452922,0.023380618578843868,0.014995985839092712,0.8309690052842676,1.2502006422718255
+5%,0.05,3,2026-11-18,16,P,-100,61,18.696715095238087,16.517857407253913,0.7323679843237623,from premium,0.6573982513244457,0.9799999931406893,1.675464218538103,1.4812303965272475,-69.54642253974137,-50.12304033865582
+10%,0.1,0,2026-10-21,20,C,100,33,17.84074655844156,12.42984601439241,0.9582562711862846,from premium,0.7516341227580119,1.2499999939728312,0.09253190914610208,0.022565540041062728,-115.74680848267292,-122.74344539317686
+10%,0.1,1,2026-10-21,30,C,-200,33,17.84074655844156,12.42984601439241,1.020199490354396,from premium,0.8135773419261232,0.12999999952276503,0.0034808318557046796,0.00018156009898740995,25.303833533412067,25.963687884755526
+10%,0.1,2,2026-12-16,100,C,-50,89,19.131337761904764,15.621814135780163,1.2929690937260165,from premium,1.184162542081048,0.03999999868452922,0.012614061734791706,0.004480708639044954,1.3692968474868756,1.7759645022742132
+10%,0.1,3,2026-11-18,16,P,-100,61,18.696715095238087,14.33899971926974,0.7323679843237623,from premium,0.5824285183251292,0.9799999931406893,2.7358740312244256,2.400715472695284,-175.58740380837364,-142.0715479554595
+15%,0.15,0,2026-10-21,20,C,100,33,17.84074655844156,9.724395742367836,0.9582562711862846,from premium,0.6483230485438753,1.2499999939728312,0.007890032294759432,7.019314984093042e-05,-124.21099616780718,-124.99298008229903
+15%,0.15,1,2026-10-21,30,C,-200,33,17.84074655844156,9.724395742367836,1.020199490354396,from premium,0.7102662677119869,0.12999999952276503,0.00015009094126572066,4.2690761420105923e-08,25.969981716299863,25.99999136640072
+15%,0.15,2,2026-12-16,100,C,-50,89,19.131337761904764,13.86705232271786,1.2929690937260165,from premium,1.1297592662585638,0.03999999868452922,0.006142779025190519,0.0009848000376850672,1.6928609829669352,1.9507599323422078
+15%,0.15,3,2026-11-18,16,P,-100,61,18.696715095238087,12.160142031285567,0.7323679843237623,from premium,0.5074587853258128,0.9799999931406893,4.215596912136201,3.9384485299112253,-323.5596918995512,-295.8448536770536
+20%,0.2,0,2026-10-21,20,C,100,33,17.84074655844156,9.0,0.9582562711862846,from premium,0.545011974329739,1.2499999939728312,0.0031982550287785023,2.293891067343962e-07,-124.68017389440527,-124.99997645837244
+20%,0.2,1,2026-10-21,30,C,-200,33,17.84074655844156,9.0,1.020199490354396,from premium,0.6069551934978504,0.12999999952276503,4.941566789823473e-05,9.068873957811622e-12,25.99011677097336,25.99999990273923
+20%,0.2,2,2026-12-16,100,C,-50,89,19.131337761904764,12.11229050965556,1.2929690937260165,from premium,1.0753559904360794,0.03999999868452922,0.002614209755867337,0.0001412156154408764,1.869289446433094,1.992939153454417
+20%,0.2,3,2026-11-18,16,P,-100,61,18.696715095238087,9.981284343301393,0.7323679843237623,from premium,0.43248905232649626,0.9799999931406893,6.070255125480242,5.981210065416864,-509.0255132339553,-500.1210072276175
+25%,0.25,0,2026-10-21,20,C,100,33,17.84074655844156,9.0,0.9582562711862846,from premium,0.4417009001156026,1.2499999939728312,0.0031982550287785023,2.563216024132091e-10,-124.68017389440527,-124.99999937165096
+25%,0.25,1,2026-10-21,30,C,-200,33,17.84074655844156,9.0,1.020199490354396,from premium,0.503644119283714,0.12999999952276503,4.941566789823473e-05,2.808626401752086e-16,25.99011677097336,25.99999990455295
+25%,0.25,2,2026-12-16,100,C,-50,89,19.131337761904764,10.35752869659326,1.2929690937260165,from premium,1.0209527146135953,0.03999999868452922,0.0009256205951292221,1.0957067903785797e-05,1.95371890447,1.9994520808312717
+25%,0.25,3,2026-11-18,16,P,-100,61,18.696715095238087,9.0,0.7323679843237623,from premium,0.3575193193271798,0.9799999931406893,6.990315698213588,6.9533779557886,-601.0315705072899,-597.3377962647911
+30%,0.3,0,2026-10-21,20,C,100,33,17.84074655844156,9.0,0.9582562711862846,from premium,0.33838982590146616,1.2499999939728312,0.0031982550287785023,3.552453027193082e-16,-124.68017389440527,-124.99999939728308
+30%,0.3,1,2026-10-21,30,C,-200,33,17.84074655844156,9.0,1.020199490354396,from premium,0.40033304506957756,0.12999999952276503,4.941566789823473e-05,1.441520388175344e-24,25.99011677097336,25.999999904553007
+30%,0.3,2,2026-12-16,100,C,-50,89,19.131337761904764,9.0,1.2929690937260165,from premium,0.9665494387911111,0.03999999868452922,0.0003480525456155299,5.788405645950098e-07,1.9825973069456846,1.9999709921982312
+30%,0.3,3,2026-11-18,16,P,-100,61,18.696715095238087,9.0,0.7323679843237623,from premium,0.28254958632786337,0.9799999931406893,6.990315698213588,6.9533616218855965,-601.0315705072899,-597.3361628744907
+35%,0.35,0,2026-10-21,20,C,100,33,17.84074655844156,9.0,0.9582562711862846,from premium,0.23507875168732983,1.2499999939728312,0.0031982550287785023,5.602495532626271e-31,-124.68017389440527,-124.99999939728312
+35%,0.35,1,2026-10-21,30,C,-200,33,17.84074655844156,9.0,1.020199490354396,from premium,0.29702197085544124,0.12999999952276503,4.941566789823473e-05,1.086626957492928e-42,25.99011677097336,25.999999904553007
+35%,0.35,2,2026-12-16,100,C,-50,89,19.131337761904764,9.0,1.2929690937260165,from premium,0.9121461629686269,0.03999999868452922,0.0003480525456155299,1.0323466139901639e-07,1.9825973069456846,1.9999947724933913
+35%,0.35,3,2026-11-18,16,P,-100,61,18.696715095238087,9.0,0.7323679843237623,from premium,0.2075798533285469,0.9799999931406893,6.990315698213588,6.953361540588986,-601.0315705072899,-597.3361547448297
+40%,0.4,0,2026-10-21,20,C,100,33,17.84074655844156,9.0,0.9582562711862846,from premium,0.2,1.2499999939728312,0.0031982550287785023,9.271477897038773e-42,-124.68017389440527,-124.99999939728312
+40%,0.4,1,2026-10-21,30,C,-200,33,17.84074655844156,9.0,1.020199490354396,from premium,0.2,0.12999999952276503,4.941566789823473e-05,8.917694498776976e-91,25.99011677097336,25.999999904553007
+40%,0.4,2,2026-12-16,100,C,-50,89,19.131337761904764,9.0,1.2929690937260165,from premium,0.8577428871461426,0.03999999868452922,0.0003480525456155299,1.339573626585559e-08,1.9825973069456846,1.9999992644396478
+40%,0.4,3,2026-11-18,16,P,-100,61,18.696715095238087,9.0,0.7323679843237623,from premium,0.2,0.9799999931406893,6.990315698213588,6.953361540588257,-601.0315705072899,-597.3361547447568
